"","Fecha","Hora","Magnitud","Latitud","Longitud","Profundidad","Referencia.de.localizacion","municipio","entidad","zona","mes","placas"
"1","20/01/1900","00:33:30",7.4,20,-105,33,"71 km al NOROESTE de AUTLAN DE NAVARRO, JAL","AUTLAN DE NAVARRO, JAL","JAL","Oeste",1,"Rivera"
"2","16/05/1900","14:12:00",6.9,20,-105,33,"71 km al NOROESTE de AUTLAN DE NAVARRO, JAL","AUTLAN DE NAVARRO, JAL","JAL","Oeste",5,"Rivera"
"3","05/03/1901","04:45:00",6.9,25,-110,33,"100 km al NORESTE de LA PAZ, BCS","LA PAZ, BCS","BCS","Noroeste",3,"Pacífico"
"4","08/12/1901","20:17:00",7,26,-110,33,"83 km al OESTE de AHOME, SIN","AHOME, SIN","SIN","Noroeste",12,"Norteamérica"
"5","16/01/1902","17:19:00",7,17.62,-99.72,33,"21 km al OESTE de ZUMPANGO DEL RIO, GRO","ZUMPANGO DEL RIO, GRO","GRO","Suroeste",1,"Cocos"
"6","18/04/1902","20:23:00",7.5,14.9,-91.5,25,"72 km al ESTE de CACAHOATAN, CHIS","CACAHOATAN, CHIS","CHIS","Suroeste",4,"Caribe"
"7","23/09/1902","14:18:00",7.7,16.5,-92.5,25,"5 km al SUROESTE de TEOPISCA, CHIS","TEOPISCA, CHIS","CHIS","Suroeste",9,"Caribe"
"8","12/12/1902","17:10:00",7.1,29,-114,33,"115 km al NORTE de GUERRERO NEGRO, BCS","GUERRERO NEGRO, BCS","BCS","Noroeste",12,"Pacífico"
"9","13/01/1903","19:47:36",7.6,15,-93,33,"50 km al SUR de MAPASTEPEC, CHIS","MAPASTEPEC, CHIS","CHIS","Suroeste",1,"Caribe"
"10","24/10/1905","11:40:00",6.6,20,-110,33,"320 km al SUR de CABO SAN LUCAS, BCS","CABO SAN LUCAS, BCS","BCS","Noroeste",10,"Pacífico"
"11","16/12/1905","23:27:00",7.1,17,-113,33,"727 km al SUROESTE de CABO SAN LUCAS, BCS","CABO SAN LUCAS, BCS","BCS","Noroeste",12,"Pacífico"
"12","10/04/1906","15:18:00",7.1,20,-110,33,"320 km al SUR de CABO SAN LUCAS, BCS","CABO SAN LUCAS, BCS","BCS","Noroeste",4,"Pacífico"
"13","15/04/1907","00:08:06",7.6,16.7,-99.2,33,"23 km al SURESTE de SAN MARCOS, GRO","SAN MARCOS, GRO","GRO","Suroeste",4,"Cocos"
"14","16/10/1907","08:57:18",7.1,28,-112.5,10,"77 km al NOROESTE de SANTA ROSALIA, BCS","SANTA ROSALIA, BCS","BCS","Noroeste",10,"Pacífico"
"15","26/03/1908","17:03:30",7.5,16.7,-99.2,33,"23 km al SURESTE de SAN MARCOS, GRO","SAN MARCOS, GRO","GRO","Suroeste",3,"Cocos"
"16","26/03/1908","21:45:30",7,17,-101,33,"46 km al SUROESTE de TECPAN, GRO","TECPAN, GRO","GRO","Suroeste",3,"Cocos"
"17","12/10/1908","23:06:00",6.9,18,-102,33,"23 km al ESTE de LAS GUACAMAYAS, MICH","LAS GUACAMAYAS, MICH","MICH","Oeste",10,"Rivera"
"18","30/07/1909","04:51:54",7.2,16.8,-99.9,33,"8 km al SUR de ACAPULCO, GRO","ACAPULCO, GRO","GRO","Suroeste",7,"Cocos"
"19","31/07/1909","12:43:10",6.9,16.62,-99.45,33,"20 km al SUROESTE de SAN MARCOS, GRO","SAN MARCOS, GRO","GRO","Suroeste",7,"Cocos"
"20","05/09/1909","05:17:20",6.6,16.53,-99.72,33,"42 km al SURESTE de ACAPULCO, GRO","ACAPULCO, GRO","GRO","Suroeste",9,"Cocos"
"21","31/10/1909","04:23:00",6.9,17,-101.2,33,"60 km al SUR de PETATLAN, GRO","PETATLAN, GRO","GRO","Suroeste",10,"Cocos"
"22","30/05/1910","22:19:19",6.5,16.7,-99.2,33,"23 km al SURESTE de SAN MARCOS, GRO","SAN MARCOS, GRO","GRO","Suroeste",5,"Cocos"
"23","23/09/1910","21:32:42",6.9,16.77,-95.9,80,"65 km al SURESTE de TLACOLULA, OAX","TLACOLULA, OAX","OAX","Suroeste",9,"Cocos"
"24","03/02/1911","14:41:55",6.5,17.8,-97.6,80,"19 km al ESTE de H HUAJUAPAN DE LEON, OAX","H HUAJUAPAN DE LEON, OAX","OAX","Suroeste",2,"Cocos"
"25","07/06/1911","05:02:42",7.6,17.5,-102.5,33,"59 km al SUROESTE de CD LAZARO CARDENAS, MICH","CD LAZARO CARDENAS, MICH","MICH","Oeste",6,"Rivera"
"26","27/08/1911","04:59:18",6.7,17,-96,100,"51 km al ESTE de TLACOLULA, OAX","TLACOLULA, OAX","OAX","Suroeste",8,"Cocos"
"27","16/12/1911","13:14:18",7.5,16.9,-100.7,50,"36 km al SUR de TECPAN, GRO","TECPAN, GRO","GRO","Suroeste",12,"Cocos"
"28","19/11/1912","07:55:07",6.9,19.93,-99.83,33,"15 km al NORESTE de ATLACOMULCO, MEX","ATLACOMULCO, MEX","MEX","Centro sur",11,"Norteamérica"
"29","09/12/1912","02:32:24",7,15.5,-93,33,"13 km al NOROESTE de MAPASTEPEC, CHIS","MAPASTEPEC, CHIS","CHIS","Suroeste",12,"Caribe"
"30","29/03/1914","18:41:18",7.2,17,-92,150,"14 km al NORESTE de OCOSINGO, CHIS","OCOSINGO, CHIS","CHIS","Suroeste",3,"Caribe"
"31","06/09/1915","19:20:48",7.4,14,-89,80,"348 km al ESTE de CD HIDALGO, CHIS","CD HIDALGO, CHIS","CHIS","Suroeste",9,"Caribe"
"32","20/11/1915","18:13:22",7,32,-115,10,"33 km al SURESTE de GPE VICTORIA(KM.43), BC","GPE VICTORIA(KM.43), BC","BC","Noroeste",11,"Pacífico"
"33","02/06/1916","07:59:24",7,17.5,-95,150,"42 km al SUR de SAYULA DE ALEMAN, VER","SAYULA DE ALEMAN, VER","VER","Oriente",6,"Norteamérica"
"34","21/11/1916","00:25:24",6.8,18,-100,33,"43 km al SUROESTE de TELOLOAPAN, GRO","TELOLOAPAN, GRO","GRO","Suroeste",11,"Cocos"
"35","29/12/1917","16:50:20",6.9,15,-97,33,"96 km al SUR de PUERTO ESCONDIDO, OAX","PUERTO ESCONDIDO, OAX","OAX","Suroeste",12,"Cocos"
"36","23/05/1918","05:57:30",6.8,27,-111,33,"102 km al SUR de H GUAYMAS, SON","H GUAYMAS, SON","SON","Noroeste",5,"Norteamérica"
"37","07/06/1918","15:27:06",6.6,18.7,-103.3,33,"17 km al SUROESTE de COALCOMAN, MICH","COALCOMAN, MICH","MICH","Oeste",6,"Rivera"
"38","17/04/1919","14:53:03",6.9,14.5,-91.75,33,"48 km al SURESTE de CD HIDALGO, CHIS","CD HIDALGO, CHIS","CHIS","Suroeste",4,"Caribe"
"39","03/01/1920","22:21:56",6.4,19.27,-96.97,10,"13 km al NORTE de HUATUSCO, VER","HUATUSCO, VER","VER","Oriente",1,"Norteamérica"
"40","19/04/1920","15:06:36",6.7,19,-97,110,"9 km al SURESTE de COSCOMATEPEC, VER","COSCOMATEPEC, VER","VER","Oriente",4,"Norteamérica"
"41","04/02/1921","02:22:44",7.4,15,-91,120,"125 km al ESTE de CACAHOATAN, CHIS","CACAHOATAN, CHIS","CHIS","Suroeste",2,"Caribe"
"42","21/04/1921","14:01:36",6.5,18.2,-103.3,33,"65 km al SUR de COALCOMAN, MICH","COALCOMAN, MICH","MICH","Oeste",4,"Rivera"
"43","11/06/1922","22:47:44",6.7,24,-108.5,33,"117 km al SUROESTE de NAVOLATO, SIN","NAVOLATO, SIN","SIN","Noroeste",6,"Norteamérica"
"44","07/08/1925","01:47:48",6.7,19,-102,100,"10 km al SURESTE de NUEVA ITALIA, MICH","NUEVA ITALIA, MICH","MICH","Oeste",8,"Rivera"
"45","16/11/1925","05:54:54",7,18,-107,33,"291 km al SUROESTE de CIHUATLAN, JAL","CIHUATLAN, JAL","JAL","Oeste",11,"Rivera"
"46","10/12/1925","08:14:42",7,15.5,-92.5,33,"31 km al NOROESTE de MOTOZINTLA, CHIS","MOTOZINTLA, CHIS","CHIS","Suroeste",12,"Caribe"
"47","09/02/1928","22:39:37",6.5,18.26,-97.99,84,"9 km al NORESTE de ACATLAN DE OSORIO, PUE","ACATLAN DE OSORIO, PUE","PUE","Oriente",2,"Norteamérica"
"48","21/03/1928","22:17:30",7.5,15.67,-96.1,33,"12 km al SURESTE de CRUCECITA, OAX","CRUCECITA, OAX","OAX","Suroeste",3,"Cocos"
"49","16/04/1928","21:25:27",6.7,17.69,-96.44,115,"55 km al SUROESTE de TUXTEPEC, OAX","TUXTEPEC, OAX","OAX","Suroeste",4,"Cocos"
"50","16/06/1928","21:19:28",7.6,16.33,-96.7,33,"11 km al OESTE de MIAHUATLAN, OAX","MIAHUATLAN, OAX","OAX","Suroeste",6,"Cocos"
"51","04/08/1928","12:28:17",7.4,16.83,-97.61,33,"49 km al SUR de H TLAXIACO, OAX","H TLAXIACO, OAX","OAX","Suroeste",8,"Cocos"
"52","08/10/1928","21:01:08",7.5,16.3,-97.3,33,"35 km al NORESTE de RIO GRANDE, OAX","RIO GRANDE, OAX","OAX","Suroeste",10,"Cocos"
"53","02/01/1931","03:49:02",6.7,19,-107,33,"257 km al SUROESTE de PUERTO VALLARTA, JAL","PUERTO VALLARTA, JAL","JAL","Oeste",1,"Rivera"
"54","14/01/1931","19:50:40",7.8,16.34,-96.87,40,"30 km al OESTE de MIAHUATLAN, OAX","MIAHUATLAN, OAX","OAX","Suroeste",1,"Cocos"
"55","03/06/1932","04:36:52",8.2,19.57,-104.42,33,"4 km al SURESTE de CASIMIRO CASTILLO, JAL","CASIMIRO CASTILLO, JAL","JAL","Oeste",6,"Rivera"
"56","18/06/1932","04:12:10",7.8,19.5,-103.5,33,"14 km al SUROESTE de TUXPAN, JAL","TUXPAN, JAL","JAL","Oeste",6,"Rivera"
"57","22/06/1932","06:59:28",6.9,18.74,-104.68,33,"52 km al SUROESTE de MANZANILLO, COL","MANZANILLO, COL","COL","Oeste",6,"Rivera"
"58","07/07/1932","10:15:51",6.7,29,-113,33,"149 km al OESTE de M ALEMAN(LA DOCE), SON","M ALEMAN(LA DOCE), SON","SON","Noroeste",7,"Norteamérica"
"59","12/07/1932","13:24:10",6.7,26.5,-110,33,"51 km al SUROESTE de HUATABAMPO, SON","HUATABAMPO, SON","SON","Noroeste",7,"Norteamérica"
"60","25/07/1932","03:12:46",6.9,18.87,-103.93,33,"7 km al SUROESTE de TECOMAN, COL","TECOMAN, COL","COL","Oeste",7,"Rivera"
"61","07/12/1932","10:22:09",6.8,19,-104,33,"8 km al NOROESTE de CD DE ARMERIA, COL","CD DE ARMERIA, COL","COL","Oeste",12,"Rivera"
"62","08/04/1933","21:58:17",6.6,19.5,-105,33,"54 km al NOROESTE de CIHUATLAN, JAL","CIHUATLAN, JAL","JAL","Oeste",4,"Rivera"
"63","08/05/1933","04:33:40",6.9,17.5,-101,33,"29 km al ESTE de PETATLAN, GRO","PETATLAN, GRO","GRO","Suroeste",5,"Cocos"
"64","28/01/1934","13:10:03",6.8,17,-100,33,"9 km al ESTE de COYUCA DE BENITEZ, GRO","COYUCA DE BENITEZ, GRO","GRO","Suroeste",1,"Cocos"
"65","29/11/1934","20:05:16",7,19,-105.31,33,"83 km al SUROESTE de CIHUATLAN, JAL","CIHUATLAN, JAL","JAL","Oeste",11,"Rivera"
"66","31/12/1934","12:45:45",7.1,32,-114.75,33,"46 km al SURESTE de GPE VICTORIA(KM.43), BC","GPE VICTORIA(KM.43), BC","BC","Noroeste",12,"Pacífico"
"67","29/06/1935","00:48:54",6.9,18.75,-103.5,33,"36 km al OESTE de COALCOMAN, MICH","COALCOMAN, MICH","MICH","Oeste",6,"Rivera"
"68","14/12/1935","16:05:17",7.3,14.75,-92.5,33,"31 km al SUROESTE de TAPACHULA, CHIS","TAPACHULA, CHIS","CHIS","Suroeste",12,"Caribe"
"69","25/07/1937","21:47:13",7.3,18.45,-96.08,85,"24 km al NORTE de TRES VALLES, VER","TRES VALLES, VER","VER","Oriente",7,"Norteamérica"
"70","06/10/1937","03:47:18",6.9,17.78,-99.17,100,"20 km al NORTE de CHILAPA DE ALVAREZ, GRO","CHILAPA DE ALVAREZ, GRO","GRO","Suroeste",10,"Cocos"
"71","23/12/1937","07:17:58",7.4,17.1,-98.07,33,"46 km al SUROESTE de H TLAXIACO, OAX","H TLAXIACO, OAX","OAX","Suroeste",12,"Cocos"
"72","25/12/1937","00:03:25",6.5,15.68,-97.8,33,"54 km al SUROESTE de RIO GRANDE, OAX","RIO GRANDE, OAX","OAX","Suroeste",12,"Cocos"
"73","02/05/1939","07:14:47",6.7,29.5,-113.5,33,"179 km al NORESTE de GUERRERO NEGRO, BCS","GUERRERO NEGRO, BCS","BCS","Noroeste",5,"Pacífico"
"74","05/12/1939","02:30:07",6.7,14.5,-91.5,33,"73 km al SURESTE de CD HIDALGO, CHIS","CD HIDALGO, CHIS","CHIS","Suroeste",12,"Caribe"
"75","18/05/1940","22:36:41",7.1,32.7,-115.5,33,"5 km al NOROESTE de MEXICALI, BC","MEXICALI, BC","BC","Noroeste",5,"Pacífico"
"76","27/07/1940","07:32:30",6.7,14.25,-91.5,90,"85 km al SURESTE de CD HIDALGO, CHIS","CD HIDALGO, CHIS","CHIS","Suroeste",7,"Caribe"
"77","15/04/1941","13:09:51",7.6,18.85,-102.94,33,"25 km al NORESTE de COALCOMAN, MICH","COALCOMAN, MICH","MICH","Oeste",4,"Rivera"
"78","20/06/1942","04:02:07",6.7,19,-101,100,"43 km al NORTE de HUETAMO, MICH","HUETAMO, MICH","MICH","Oeste",6,"Rivera"
"79","06/08/1942","17:36:59",7.9,14.8,-91.3,50,"93 km al ESTE de CD HIDALGO, CHIS","CD HIDALGO, CHIS","CHIS","Suroeste",8,"Caribe"
"80","11/11/1942","22:55:34",6.7,17.25,-94.25,90,"75 km al SUR de LAS CHOAPAS, VER","LAS CHOAPAS, VER","VER","Oriente",11,"Norteamérica"
"81","22/02/1943","03:20:45",7.4,17.6,-101.1,33,"20 km al NORESTE de PETATLAN, GRO","PETATLAN, GRO","GRO","Suroeste",2,"Cocos"
"82","31/08/1943","10:10:40",6.7,14.25,-91.5,80,"85 km al SURESTE de CD HIDALGO, CHIS","CD HIDALGO, CHIS","CHIS","Suroeste",8,"Caribe"
"83","23/09/1943","09:00:44",6.7,15,-91.5,110,"71 km al ESTE de CACAHOATAN, CHIS","CACAHOATAN, CHIS","CHIS","Suroeste",9,"Caribe"
"84","10/01/1944","14:09:52",6.5,17,-101,33,"46 km al SUROESTE de TECPAN, GRO","TECPAN, GRO","GRO","Suroeste",1,"Cocos"
"85","28/06/1944","01:58:54",7.1,15,-92.5,33,"16 km al SUR de HUIXTLA, CHIS","HUIXTLA, CHIS","CHIS","Suroeste",6,"Caribe"
"86","27/06/1945","07:08:20",6.8,27,-111,33,"102 km al SUR de H GUAYMAS, SON","H GUAYMAS, SON","SON","Noroeste",6,"Norteamérica"
"87","29/06/1945","23:31:18",6.7,17,-115,33,"841 km al SUROESTE de CABO SAN LUCAS, BCS","CABO SAN LUCAS, BCS","BCS","Noroeste",6,"Pacífico"
"88","11/10/1945","10:53:02",6.5,18.32,-97.65,95,"31 km al SUROESTE de TEHUACAN, PUE","TEHUACAN, PUE","PUE","Oriente",10,"Norteamérica"
"89","27/10/1945","05:24:41",6.7,15,-91.25,200,"98 km al ESTE de CACAHOATAN, CHIS","CACAHOATAN, CHIS","CHIS","Suroeste",10,"Caribe"
"90","06/06/1946","22:13:20",6.5,16.5,-94,100,"31 km al NOROESTE de ARRIAGA , CHIS","ARRIAGA , CHIS","CHIS","Suroeste",6,"Caribe"
"91","10/07/1946","22:46:42",6.9,17,-94.5,130,"59 km al ESTE de MATIAS ROMERO, OAX","MATIAS ROMERO, OAX","OAX","Suroeste",7,"Cocos"
"92","06/01/1948","11:23:36",6.9,17,-98,80,"45 km al SUROESTE de H TLAXIACO, OAX","H TLAXIACO, OAX","OAX","Suroeste",1,"Cocos"
"93","06/01/1948","11:25:58",7,17,-98,80,"45 km al SUROESTE de H TLAXIACO, OAX","H TLAXIACO, OAX","OAX","Suroeste",1,"Cocos"
"94","11/08/1948","04:36:19",6.5,17.75,-95.25,100,"31 km al SURESTE de J RODRIGUEZ CLARA, VER","J RODRIGUEZ CLARA, VER","VER","Oriente",8,"Norteamérica"
"95","03/12/1948","18:22:48",6.9,22,-106.5,33,"116 km al SUROESTE de TECUALA, NAY","TECUALA, NAY","NAY","Oeste",12,"Norteamérica"
"96","29/09/1950","00:32:20",7,19,-107,60,"257 km al SUROESTE de PUERTO VALLARTA, JAL","PUERTO VALLARTA, JAL","JAL","Oeste",9,"Rivera"
"97","21/10/1950","03:42:58",6.6,17.73,-106,33,"225 km al SUROESTE de CIHUATLAN, JAL","CIHUATLAN, JAL","JAL","Oeste",10,"Rivera"
"98","23/10/1950","10:13:20",7.2,14.3,-91.8,33,"56 km al SURESTE de CD HIDALGO, CHIS","CD HIDALGO, CHIS","CHIS","Suroeste",10,"Caribe"
"99","17/11/1950","13:28:23",6.6,17.5,-100.5,33,"33 km al NORTE de ATOYAC DE ALVAREZ, GRO","ATOYAC DE ALVAREZ, GRO","GRO","Suroeste",11,"Cocos"
"100","14/12/1950","08:15:50",7.2,17.22,-98.12,33,"47 km al OESTE de H TLAXIACO, OAX","H TLAXIACO, OAX","OAX","Suroeste",12,"Cocos"
"101","11/12/1951","19:37:34",7,17,-94.5,100,"59 km al ESTE de MATIAS ROMERO, OAX","MATIAS ROMERO, OAX","OAX","Suroeste",12,"Cocos"
"102","28/12/1951","03:20:26",6.8,16.9,-98.7,33,"39 km al NOROESTE de OMETEPEC, GRO","OMETEPEC, GRO","GRO","Suroeste",12,"Cocos"
"103","24/08/1953","07:21:02",6.7,14.1,-91.4,96,"103 km al SURESTE de CD HIDALGO, CHIS","CD HIDALGO, CHIS","CHIS","Suroeste",8,"Caribe"
"104","01/12/1953","09:18:33",6.7,16.4,-98.85,33,"57 km al SUROESTE de OMETEPEC, GRO","OMETEPEC, GRO","GRO","Suroeste",12,"Cocos"
"105","29/04/1954","05:34:34",7,28.5,-113,33,"120 km al NORESTE de GUERRERO NEGRO, BCS","GUERRERO NEGRO, BCS","BCS","Noroeste",4,"Pacífico"
"106","05/04/1955","09:09:15",6.6,25,-110,33,"100 km al NORESTE de LA PAZ, BCS","LA PAZ, BCS","BCS","Noroeste",4,"Pacífico"
"107","28/08/1955","14:13:30",6.6,14,-91,60,"145 km al SURESTE de CD HIDALGO, CHIS","CD HIDALGO, CHIS","CHIS","Suroeste",8,"Caribe"
"108","26/09/1955","02:28:20",6.9,15.5,-92.5,200,"31 km al NOROESTE de MOTOZINTLA, CHIS","MOTOZINTLA, CHIS","CHIS","Suroeste",9,"Caribe"
"109","09/02/1956","08:32:39",6.7,31.9,-115.8,33,"75 km al ESTE de RODOLFO SANCHEZ T(MRO), BC","RODOLFO SANCHEZ T(MRO), BC","BC","Noroeste",2,"Pacífico"
"110","09/04/1957","23:12:09",6.7,15.52,-98.25,33,"93 km al SUR de PINOTEPA NACIONAL, OAX","PINOTEPA NACIONAL, OAX","OAX","Suroeste",4,"Cocos"
"111","28/07/1957","02:40:10",7.8,17.11,-99.1,33,"47 km al NORESTE de SAN MARCOS, GRO","SAN MARCOS, GRO","GRO","Suroeste",7,"Cocos"
"112","24/05/1959","13:17:43",6.8,17.72,-97.15,80,"28 km al SURESTE de TEPELMEME, OAX","TEPELMEME, OAX","OAX","Suroeste",5,"Cocos"
"113","26/08/1959","02:25:31",6.4,18.26,-94.43,21,"12 km al NORTE de ALLENDE, VER","ALLENDE, VER","VER","Oriente",8,"Norteamérica"
"114","13/07/1960","10:23:56",6.9,17,-94.5,150,"59 km al ESTE de MATIAS ROMERO, OAX","MATIAS ROMERO, OAX","OAX","Suroeste",7,"Cocos"
"115","01/09/1961","12:50:34",6.6,13.5,-92.66,25,"141 km al SUROESTE de CD HIDALGO, CHIS","CD HIDALGO, CHIS","CHIS","Suroeste",9,"Caribe"
"116","11/05/1962","08:11:57",7.1,17.25,-99.58,33,"34 km al SUR de CHILPANCINGO, GRO","CHILPANCINGO, GRO","GRO","Suroeste",5,"Cocos"
"117","19/05/1962","08:58:10",7,17.12,-99.57,33,"41 km al NOROESTE de SAN MARCOS, GRO","SAN MARCOS, GRO","GRO","Suroeste",5,"Cocos"
"118","18/11/1963","08:38:26",6.5,29.68,-113.74,7,"182 km al SUR de PUERTO PEÃ‘ASCO, SON","PUERTO PEÃ‘ASCO, SON","SON","Noroeste",11,"Norteamérica"
"119","05/07/1964","20:14:37",6.5,26.32,-110.28,10,"85 km al SUROESTE de HUATABAMPO, SON","HUATABAMPO, SON","SON","Noroeste",7,"Norteamérica"
"120","06/07/1964","01:22:13",7.2,18.03,-100.77,55,"38 km al SUROESTE de CD ALTAMIRANO, GRO","CD ALTAMIRANO, GRO","GRO","Suroeste",7,"Cocos"
"121","23/08/1965","13:46:02",7.4,16.178,-95.877,12,"53 km al NORESTE de CRUCECITA, OAX","CRUCECITA, OAX","OAX","Suroeste",8,"Cocos"
"122","09/12/1965","00:07:51",6.5,17.249,-100.07,65,"27 km al NORTE de COYUCA DE BENITEZ, GRO","COYUCA DE BENITEZ, GRO","GRO","Suroeste",12,"Cocos"
"123","01/07/1968","21:44:52",6.7,17.508,-100.256,62,"38 km al NORESTE de ATOYAC DE ALVAREZ, GRO","ATOYAC DE ALVAREZ, GRO","GRO","Suroeste",7,"Cocos"
"124","02/08/1968","08:06:37",7.3,16.6,-97.8,16,"39 km al NORESTE de PINOTEPA NACIONAL, OAX","PINOTEPA NACIONAL, OAX","OAX","Suroeste",8,"Cocos"
"125","28/11/1968","04:36:08",6.6,15.231,-94.775,23,"114 km al SURESTE de SALINA CRUZ, OAX","SALINA CRUZ, OAX","OAX","Suroeste",11,"Cocos"
"126","17/08/1969","14:13:09",6.5,25.25,-109.24,15,"65 km al SUROESTE de LOS MOCHIS, SIN","LOS MOCHIS, SIN","SIN","Noroeste",8,"Norteamérica"
"127","17/08/1969","14:15:00",6.7,25.12,-109.55,15,"93 km al SUROESTE de LOS MOCHIS, SIN","LOS MOCHIS, SIN","SIN","Noroeste",8,"Norteamérica"
"128","01/11/1969","05:08:22",6.6,23.105,-107.99,10,"144 km al SUROESTE de LA CRUZ, SIN","LA CRUZ, SIN","SIN","Noroeste",11,"Norteamérica"
"129","03/02/1970","23:08:50",6.6,15.524,-99.493,21,"141 km al SUR de SAN MARCOS, GRO","SAN MARCOS, GRO","GRO","Suroeste",2,"Cocos"
"130","29/04/1970","08:01:34",7.3,14.463,-92.683,44,"62 km al SUROESTE de CD HIDALGO, CHIS","CD HIDALGO, CHIS","CHIS","Suroeste",4,"Caribe"
"131","30/04/1970","02:32:58",6.5,14.608,-93.26,22,"100 km al SUROESTE de MAPASTEPEC, CHIS","MAPASTEPEC, CHIS","CHIS","Suroeste",4,"Caribe"
"132","30/09/1971","02:18:00",6.5,26.88,-110.8,14,"92 km al SUROESTE de PUEBLO YAQUI, SON","PUEBLO YAQUI, SON","SON","Noroeste",9,"Norteamérica"
"133","20/10/1972","02:17:46",6.6,18.7,-106.756,10,"238 km al OESTE de CIHUATLAN, JAL","CIHUATLAN, JAL","JAL","Oeste",10,"Rivera"
"134","12/11/1972","22:43:45",6.5,15.541,-95.04,14,"73 km al SUR de SALINA CRUZ, OAX","SALINA CRUZ, OAX","OAX","Suroeste",11,"Cocos"
"135","30/01/1973","15:01:12",7.6,18.412,-103.019,24,"43 km al SURESTE de COALCOMAN, MICH","COALCOMAN, MICH","MICH","Oeste",1,"Rivera"
"136","28/08/1973","03:50:41",7.3,18.248,-96.551,82,"30 km al SUROESTE de TIERRA BLANCA, VER","TIERRA BLANCA, VER","VER","Oriente",8,"Norteamérica"
"192","31/05/1974","08:04:59",6.3,27.23,-111.24,33,"83 km al SUROESTE de H GUAYMAS, SON","H GUAYMAS, SON","SON","Noroeste",5,"Norteamérica"
"273","31/12/1974","14:21:09",6.1,14.13,-91.82,39,"70 km al SURESTE de CD HIDALGO, CHIS","CD HIDALGO, CHIS","CHIS","Suroeste",12,"Caribe"
"404","08/07/1975","03:37:25",6.5,29.304,-113.468,5,"160 km al NORESTE de GUERRERO NEGRO, BCS","GUERRERO NEGRO, BCS","BCS","Noroeste",7,"Pacífico"
"493","04/02/1976","03:01:46",7.5,15.262,-89.198,13,"319 km al ESTE de FRONTERA COMALAPA, CHIS","FRONTERA COMALAPA, CHIS","CHIS","Suroeste",2,"Caribe"
"571","07/06/1976","08:26:42",6.5,17.406,-100.682,57,"21 km al NOROESTE de TECPAN, GRO","TECPAN, GRO","GRO","Suroeste",6,"Cocos"
"791","18/03/1978","19:39:16",6.6,17.036,-99.745,44,"24 km al NORESTE de ACAPULCO, GRO","ACAPULCO, GRO","GRO","Suroeste",3,"Cocos"
"823","30/05/1978","19:07:21",6.5,12.759,-87.287,49,"567 km al SURESTE de CD HIDALGO, CHIS","CD HIDALGO, CHIS","CHIS","Suroeste",5,"Caribe"
"909","29/11/1978","13:52:50",7.6,16.013,-96.586,23,"32 km al NOROESTE de S PEDRO POCHUTLA, OAX","S PEDRO POCHUTLA, OAX","OAX","Suroeste",11,"Cocos"
"972","26/01/1979","04:04:31",6.6,17.397,-100.895,23,"34 km al NOROESTE de TECPAN, GRO","TECPAN, GRO","GRO","Suroeste",1,"Cocos"
"1025","14/03/1979","05:07:15",7.4,17.75,-101.263,25,"24 km al NORTE de PETATLAN, GRO","PETATLAN, GRO","GRO","Suroeste",3,"Cocos"
"1098","22/06/1979","00:30:57",6.9,17.014,-94.605,115,"49 km al NORESTE de MATIAS ROMERO, OAX","MATIAS ROMERO, OAX","OAX","Suroeste",6,"Cocos"
"1141","15/10/1979","17:17:00",6.5,32.784,-115.657,14,"19 km al NOROESTE de SANTA ISABEL, BC","SANTA ISABEL, BC","BC","Noroeste",10,"Pacífico"
"1208","27/10/1979","08:36:00",6.8,13.855,-90.857,64,"167 km al SURESTE de CD HIDALGO, CHIS","CD HIDALGO, CHIS","CHIS","Suroeste",10,"Caribe"
"1210","27/10/1979","15:43:26",6.8,13.782,-90.754,65,"180 km al SURESTE de CD HIDALGO, CHIS","CD HIDALGO, CHIS","CHIS","Suroeste",10,"Caribe"
"1230","25/11/1979","16:14:54",6.3,13.58,-91.69,33,"131 km al SURESTE de CD HIDALGO, CHIS","CD HIDALGO, CHIS","CHIS","Suroeste",11,"Caribe"
"1330","08/06/1980","21:28:18",6.4,32.22,-114.99,5,"13 km al SURESTE de GPE VICTORIA(KM.43), BC","GPE VICTORIA(KM.43), BC","BC","Noroeste",6,"Pacífico"
"1400","08/08/1980","23:45:11",6.5,15.879,-88.505,24,"291 km al SUR de CHETUMAL, QR","CHETUMAL, QR","QR","Sureste",8,"Norteamérica"
"1467","24/10/1980","08:53:36",7.1,18.174,-98.222,65,"19 km al OESTE de ACATLAN DE OSORIO, PUE","ACATLAN DE OSORIO, PUE","PUE","Oriente",10,"Norteamérica"
"1486","01/11/1980","16:52:22",6.1,19.09,-107.33,33,"277 km al SUROESTE de PUERTO VALLARTA, JAL","PUERTO VALLARTA, JAL","JAL","Oeste",11,"Rivera"
"1603","25/07/1981","23:14:21",6.5,17.79,-102.01,21,"28 km al SURESTE de CD LAZARO CARDENAS, MICH","CD LAZARO CARDENAS, MICH","MICH","Oeste",7,"Rivera"
"1627","24/10/1981","21:22:16",7.3,18.088,-102.061,21,"18 km al NORESTE de LAS GUACAMAYAS, MICH","LAS GUACAMAYAS, MICH","MICH","Oeste",10,"Rivera"
"1645","01/01/1982","21:30:41",6.1,15.93,-100.88,25,"145 km al SUR de TECPAN, GRO","TECPAN, GRO","GRO","Suroeste",1,"Cocos"
"1668","06/04/1982","13:56:53",6.7,14.276,-92.074,45,"45 km al SUR de CD HIDALGO, CHIS","CD HIDALGO, CHIS","CHIS","Suroeste",4,"Caribe"
"1687","07/06/1982","00:52:33",6.9,16.424,-98.253,6,"23 km al NOROESTE de PINOTEPA NACIONAL, OAX","PINOTEPA NACIONAL, OAX","OAX","Suroeste",6,"Cocos"
"1689","07/06/1982","04:59:40",7,16.516,-98.339,19,"20 km al SURESTE de OMETEPEC, GRO","OMETEPEC, GRO","GRO","Suroeste",6,"Cocos"
"1715","19/06/1982","00:21:59",7.3,13.346,-89.368,74,"335 km al SURESTE de CD HIDALGO, CHIS","CD HIDALGO, CHIS","CHIS","Suroeste",6,"Caribe"
"1847","24/01/1983","02:17:40",6.8,16.165,-95.206,50,"2 km al SUROESTE de SALINA CRUZ, OAX","SALINA CRUZ, OAX","OAX","Suroeste",1,"Cocos"
"1938","09/05/1983","14:09:15",6.2,19.98,-109.45,9,"326 km al SUR de CABO SAN LUCAS, BCS","CABO SAN LUCAS, BCS","BCS","Noroeste",5,"Pacífico"
"2070","01/12/1983","21:09:04",7,14.032,-91.956,35,"75 km al SURESTE de CD HIDALGO, CHIS","CD HIDALGO, CHIS","CHIS","Suroeste",12,"Caribe"
"2083","10/02/1984","10:51:21",6.2,28.33,-112.08,9,"82 km al SUROESTE de M ALEMAN(LA DOCE), SON","M ALEMAN(LA DOCE), SON","SON","Noroeste",2,"Norteamérica"
"2253","02/12/1984","00:09:44",6.2,20.36,-115.76,9,"666 km al SUROESTE de CD CONSTITUCION, BCS","CD CONSTITUCION, BCS","BCS","Noroeste",12,"Pacífico"
"2461","19/09/1985","07:17:49",8.1,18.419,-102.468,15,"45 km al NOROESTE de LA MIRA, MICH","LA MIRA, MICH","MICH","Oeste",9,"Rivera"
"2482","20/09/1985","19:37:14",7.6,17.828,-101.681,17,"25 km al NOROESTE de ZIHUATANEJO, GRO","ZIHUATANEJO, GRO","GRO","Suroeste",9,"Cocos"
"2570","24/03/1986","04:34:02",6.5,14.31,-91.66,33,"67 km al SURESTE de CD HIDALGO, CHIS","CD HIDALGO, CHIS","CHIS","Suroeste",3,"Caribe"
"2583","30/04/1986","01:07:19",7,18.361,-103.045,22,"48 km al SUR de COALCOMAN, MICH","COALCOMAN, MICH","MICH","Oeste",4,"Rivera"
"2750","24/11/1987","07:15:59",6.5,33.083,-115.983,10,"63 km al NOROESTE de SANTA ISABEL, BC","SANTA ISABEL, BC","BC","Noroeste",11,"Pacífico"
"3423","18/06/1988","16:49:44",6.6,26.813,-110.988,12,"95 km al NORESTE de LORETO, BCS","LORETO, BCS","BCS","Noroeste",6,"Pacífico"
"3725","03/11/1988","08:47:13",6.6,13.913,-90.557,74,"192 km al SURESTE de CD HIDALGO, CHIS","CD HIDALGO, CHIS","CHIS","Suroeste",11,"Caribe"
"4181","25/04/1989","08:29:03",6.8,16.795,-99.275,23,"12 km al ESTE de SAN MARCOS, GRO","SAN MARCOS, GRO","GRO","Suroeste",4,"Cocos"
"4568","28/08/1989","22:16:26",6.5,18.016,-105.674,27,"179 km al SUROESTE de CIHUATLAN, JAL","CIHUATLAN, JAL","JAL","Oeste",8,"Rivera"
"5134","16/03/1990","09:52:44",6.1,24.93,-109.1,20,"94 km al SUROESTE de G LEYVA SOLANO (BENITO JUAREZ), SIN","G LEYVA SOLANO (BENITO JUAREZ), SIN","SIN","Noroeste",3,"Norteamérica"
"5703","31/12/1990","18:06:36",6.2,18.54,-105.77,10,"149 km al SUROESTE de CIHUATLAN, JAL","CIHUATLAN, JAL","JAL","Oeste",12,"Rivera"
"6108","21/06/1991","18:30:26",6.1,23.99,-108.49,10,"117 km al SUROESTE de NAVOLATO, SIN","NAVOLATO, SIN","SIN","Noroeste",6,"Norteamérica"
"7527","03/09/1993","06:35:05",6.7,14.643,-92.804,47,"65 km al SUROESTE de TAPACHULA, CHIS","TAPACHULA, CHIS","CHIS","Suroeste",9,"Caribe"
"7582","10/09/1993","13:12:57",7.2,14.8,-92.687,34,"44 km al SUROESTE de HUIXTLA, CHIS","HUIXTLA, CHIS","CHIS","Suroeste",9,"Caribe"
"7660","19/09/1993","08:10:56",6.3,13.99,-93.43,5,"157 km al SUROESTE de CD HIDALGO, CHIS","CD HIDALGO, CHIS","CHIS","Suroeste",9,"Caribe"
"7702","30/09/1993","12:27:49",6.4,14.78,-95.01,13,"156 km al SUR de SALINA CRUZ, OAX","SALINA CRUZ, OAX","OAX","Suroeste",9,"Cocos"
"7789","24/10/1993","01:52:19",6.6,16.767,-98.767,30,"40 km al OESTE de OMETEPEC, GRO","OMETEPEC, GRO","GRO","Suroeste",10,"Cocos"
"8094","14/03/1994","14:51:26",6.8,15.984,-92.432,160,"42 km al SURESTE de VENUSTIANO CARRANZA, CHIS","VENUSTIANO CARRANZA, CHIS","CHIS","Suroeste",3,"Caribe"
"8292","04/07/1994","15:36:43",6.1,14.83,-97.31,19,"117 km al SUR de PUERTO ESCONDIDO, OAX","PUERTO ESCONDIDO, OAX","OAX","Suroeste",7,"Cocos"
"8523","10/12/1994","10:17:40",6.6,17.98,-101.52,53,"37 km al NORTE de ZIHUATANEJO, GRO","ZIHUATANEJO, GRO","GRO","Suroeste",12,"Cocos"
"8772","14/06/1995","05:11:50",6.5,12.167,-88.372,27,"494 km al SURESTE de CD HIDALGO, CHIS","CD HIDALGO, CHIS","CHIS","Suroeste",6,"Caribe"
"8787","30/06/1995","05:58:56",6.3,24.62,-110.26,10,"53 km al NORTE de LA PAZ, BCS","LA PAZ, BCS","BCS","Noroeste",6,"Pacífico"
"8840","28/08/1995","04:46:12",6.5,26.16,-110.35,10,"101 km al ESTE de LORETO, BCS","LORETO, BCS","BCS","Noroeste",8,"Pacífico"
"8870","14/09/1995","08:04:33",7.3,16.752,-98.667,21,"29 km al NOROESTE de OMETEPEC, GRO","OMETEPEC, GRO","GRO","Suroeste",9,"Cocos"
"9019","09/10/1995","09:35:54",8,18.993,-104.245,25,"10 km al SURESTE de MANZANILLO, COL","MANZANILLO, COL","COL","Oeste",10,"Rivera"
"9056","12/10/1995","10:53:04",6.1,19.04,-103.7,11,"21 km al SURESTE de COQUIMATLAN, COL","COQUIMATLAN, COL","COL","Oeste",10,"Rivera"
"9094","20/10/1995","20:38:58",7.1,16.811,-93.474,160,"12 km al NOROESTE de OCOZOCOAUTLA, CHIS","OCOZOCOAUTLA, CHIS","CHIS","Suroeste",10,"Caribe"
"9223","11/12/1995","08:09:24",6.2,18.96,-105.63,16,"116 km al SUROESTE de CIHUATLAN, JAL","CIHUATLAN, JAL","JAL","Oeste",12,"Rivera"
"9332","24/02/1996","21:08:19",7.1,15.88,-97.98,15,"52 km al SUR de PINOTEPA NACIONAL, OAX","PINOTEPA NACIONAL, OAX","OAX","Suroeste",2,"Cocos"
"9767","15/07/1996","16:23:34",6.6,17.5,-101.12,22,"17 km al ESTE de PETATLAN, GRO","PETATLAN, GRO","GRO","Suroeste",7,"Cocos"
"10068","11/01/1997","14:28:26",7.1,18.34,-102.58,40,"43 km al NOROESTE de LA MIRA, MICH","LA MIRA, MICH","MICH","Oeste",1,"Rivera"
"10373","01/05/1997","06:37:36",6.9,18.96,-107.15,15,"272 km al SUROESTE de PUERTO VALLARTA, JAL","PUERTO VALLARTA, JAL","JAL","Oeste",5,"Rivera"
"10597","19/07/1997","09:22:09",6.7,15.86,-98.26,15,"58 km al SUROESTE de PINOTEPA NACIONAL, OAX","PINOTEPA NACIONAL, OAX","OAX","Suroeste",7,"Cocos"
"11026","18/12/1997","09:02:13",6.1,14.67,-89.74,152,"260 km al ESTE de CD HIDALGO, CHIS","CD HIDALGO, CHIS","CHIS","Suroeste",12,"Caribe"
"11036","22/12/1997","04:03:53",6.1,13.99,-90.85,81,"160 km al SURESTE de CD HIDALGO, CHIS","CD HIDALGO, CHIS","CHIS","Suroeste",12,"Caribe"
"11074","10/01/1998","02:20:06",6.6,14.37,-91.93,55,"42 km al SURESTE de CD HIDALGO, CHIS","CD HIDALGO, CHIS","CHIS","Suroeste",1,"Caribe"
"11151","02/02/1998","21:02:01",6.4,15.69,-96.37,33,"12 km al SURESTE de S PEDRO POCHUTLA, OAX","S PEDRO POCHUTLA, OAX","OAX","Suroeste",2,"Cocos"
"11248","02/03/1998","20:24:42",6.7,13.73,-91.93,16,"108 km al SUR de CD HIDALGO, CHIS","CD HIDALGO, CHIS","CHIS","Suroeste",3,"Caribe"
"11459","10/05/1998","01:06:00",6.4,13.78,-90.83,15,"174 km al SURESTE de CD HIDALGO, CHIS","CD HIDALGO, CHIS","CHIS","Suroeste",5,"Caribe"
"11525","07/06/1998","18:20:16",6.2,15.82,-94.07,16,"45 km al SUROESTE de TONALA, CHIS","TONALA, CHIS","CHIS","Suroeste",6,"Caribe"
"12437","08/05/1999","17:12:41",6.4,13.59,-92.14,50,"120 km al SUR de CD HIDALGO, CHIS","CD HIDALGO, CHIS","CHIS","Suroeste",5,"Caribe"
"12547","15/06/1999","15:42:04",7,18.133,-97.539,63,"29 km al SUROESTE de S GABRIEL CHILAC, PUE","S GABRIEL CHILAC, PUE","PUE","Oriente",6,"Norteamérica"
"12578","21/06/1999","12:43:05",6.2,17.99,-101.72,54,"42 km al NOROESTE de ZIHUATANEJO, GRO","ZIHUATANEJO, GRO","GRO","Suroeste",6,"Cocos"
"12867","30/09/1999","11:31:13",7.4,16.056,-97.004,39,"22 km al NORESTE de PUERTO ESCONDIDO, OAX","PUERTO ESCONDIDO, OAX","OAX","Suroeste",9,"Cocos"
"13169","28/12/1999","23:19:46",6.1,18.02,-101.68,82,"44 km al NOROESTE de ZIHUATANEJO, GRO","ZIHUATANEJO, GRO","GRO","Suroeste",12,"Cocos"
"13849","09/08/2000","06:41:47",7,17.99,-102.66,16,"35 km al OESTE de LA MIRA, MICH","LA MIRA, MICH","MICH","Oeste",8,"Rivera"
"14235","08/01/2001","19:46:14",6.1,15.34,-93.24,66,"38 km al SUR de PIJIJIAPAN, CHIS","PIJIJIAPAN, CHIS","CHIS","Suroeste",1,"Caribe"
"14263","18/01/2001","19:12:53",6.3,15.1,-93.03,108,"41 km al SUROESTE de MAPASTEPEC, CHIS","MAPASTEPEC, CHIS","CHIS","Suroeste",1,"Caribe"
"14444","29/04/2001","15:26:56",6.2,18.51,-104.71,10,"73 km al SUROESTE de MANZANILLO, COL","MANZANILLO, COL","COL","Oeste",4,"Rivera"
"14503","19/05/2001","23:21:37",6.5,18.64,-105.12,12,"88 km al SUROESTE de CIHUATLAN, JAL","CIHUATLAN, JAL","JAL","Oeste",5,"Rivera"
"14908","07/10/2001","21:39:19",6.1,16.94,-100.14,4,"9 km al SUROESTE de COYUCA DE BENITEZ, GRO","COYUCA DE BENITEZ, GRO","GRO","Suroeste",10,"Cocos"
"15359","28/11/2001","08:32:36",6.4,15.41,-93.64,36,"55 km al SUROESTE de PIJIJIAPAN, CHIS","PIJIJIAPAN, CHIS","CHIS","Suroeste",11,"Caribe"
"15629","16/01/2002","17:09:55",6.7,15.43,-93.55,76,"46 km al SUROESTE de PIJIJIAPAN, CHIS","PIJIJIAPAN, CHIS","CHIS","Suroeste",1,"Caribe"
"16076","18/04/2002","00:02:45",6.5,16.77,-101.12,22,"72 km al SUROESTE de TECPAN, GRO","TECPAN, GRO","GRO","Suroeste",4,"Cocos"
"16845","03/10/2002","11:08:28",6.2,23.22,-108.73,35,"102 km al ESTE de SAN JOSE DEL CABO, BCS","SAN JOSE DEL CABO, BCS","BCS","Noroeste",10,"Pacífico"
"17325","20/01/2003","20:46:54",6.8,13.36,-91.64,17,"156 km al SURESTE de CD HIDALGO, CHIS","CD HIDALGO, CHIS","CHIS","Suroeste",1,"Caribe"
"17335","21/01/2003","20:06:34",7.6,18.6,-104.22,9,"46 km al SUROESTE de CD DE ARMERIA, COL","CD DE ARMERIA, COL","COL","Oeste",1,"Rivera"
"17615","12/03/2003","17:41:42",6.5,26.51,-110.04,12,"53 km al SUROESTE de HUATABAMPO, SON","HUATABAMPO, SON","SON","Noroeste",3,"Norteamérica"
"17914","19/05/2003","11:27:11",6.2,17.72,-105.7,10,"206 km al SUROESTE de CIHUATLAN, JAL","CIHUATLAN, JAL","JAL","Oeste",5,"Rivera"
"18564","01/01/2004","17:31:49",6.3,17.34,-101.42,6,"27 km al SUROESTE de PETATLAN, GRO","PETATLAN, GRO","GRO","Suroeste",1,"Cocos"
"19151","14/06/2004","17:54:21",6.4,16.22,-98.16,10,"18 km al SUROESTE de PINOTEPA NACIONAL, OAX","PINOTEPA NACIONAL, OAX","OAX","Suroeste",6,"Cocos"
"21128","04/01/2006","02:32:37",6.6,28.38,-112.51,15,"113 km al SUROESTE de M ALEMAN(LA DOCE), SON","M ALEMAN(LA DOCE), SON","SON","Noroeste",1,"Norteamérica"
"23281","05/07/2007","20:09:21",6.2,16.32,-94.02,94,"16 km al NOROESTE de ARRIAGA , CHIS","ARRIAGA , CHIS","CHIS","Suroeste",7,"Caribe"
"23506","01/09/2007","14:14:20",6.3,24.91,-109.97,2,"92 km al NORESTE de LA PAZ, BCS","LA PAZ, BCS","BCS","Noroeste",9,"Pacífico"
"25417","23/09/2008","21:33:04",6.4,17.64,-105.61,16,"208 km al SUROESTE de MANZANILLO, COL","MANZANILLO, COL","COL","Oeste",9,"Rivera"
"25544","16/10/2008","14:41:25",6.6,14.05,-92.86,23,"103 km al SUROESTE de CD HIDALGO, CHIS","CD HIDALGO, CHIS","CHIS","Suroeste",10,"Caribe"
"27252","03/08/2009","12:59:56",6.5,28.85,-112.74,10,"123 km al OESTE de M ALEMAN(LA DOCE), SON","M ALEMAN(LA DOCE), SON","SON","Noroeste",8,"Norteamérica"
"28894","04/04/2010","17:40:42",7.2,32.47,-115.37,10,"23 km al SURESTE de MEXICALI, BC","MEXICALI, BC","BC","Noroeste",4,"Pacífico"
"30587","23/08/2010","21:11:55",6.1,18.44,-107.27,14,"299 km al SUROESTE de CIHUATLAN, JAL","CIHUATLAN, JAL","JAL","Oeste",8,"Rivera"
"31109","21/10/2010","12:53:11",6.5,24.65,-109.41,8,"107 km al NORESTE de LA PAZ, BCS","LA PAZ, BCS","BCS","Noroeste",10,"Pacífico"
"32763","07/04/2011","08:11:22",6.7,17.22,-94.32,171,"80 km al SUROESTE de LAS CHOAPAS, VER","LAS CHOAPAS, VER","VER","Oriente",4,"Norteamérica"
"35798","10/12/2011","19:47:25",6.5,17.84,-99.96,54,"50 km al NOROESTE de ZUMPANGO DEL RIO, GRO","ZUMPANGO DEL RIO, GRO","GRO","Suroeste",12,"Cocos"
"36932","20/03/2012","12:02:48",7.5,16.264,-98.457,18,"46 km al SUR de OMETEPEC, GRO","OMETEPEC, GRO","GRO","Suroeste",3,"Cocos"
"37416","11/04/2012","17:55:10",6.4,17.9217,-103.068,20,"79 km al OESTE de LA MIRA, MICH","LA MIRA, MICH","MICH","Oeste",4,"Rivera"
"37445","12/04/2012","02:15:46",6.8,28.8278,-113.164,5,"130 km al NORESTE de GUERRERO NEGRO, BCS","GUERRERO NEGRO, BCS","BCS","Noroeste",4,"Pacífico"
"37810","01/05/2012","17:43:36",6.1,14.4265,-93.2253,12,"113 km al SUROESTE de HUIXTLA, CHIS","HUIXTLA, CHIS","CHIS","Suroeste",5,"Caribe"
"40314","07/11/2012","10:35:50",7.3,14.0272,-92.3155,17.1,"74 km al SUR de CD HIDALGO, CHIS","CD HIDALGO, CHIS","CHIS","Suroeste",11,"Caribe"
"40478","11/11/2012","16:14:57",6.2,13.8108,-92.5032,6.6,"103 km al SUROESTE de CD HIDALGO, CHIS","CD HIDALGO, CHIS","CHIS","Suroeste",11,"Caribe"
"40580","15/11/2012","03:20:22",6.1,18.1832,-100.529,45.4,"24 km al SURESTE de CD ALTAMIRANO, GRO","CD ALTAMIRANO, GRO","GRO","Suroeste",11,"Cocos"
"41023","14/12/2012","04:36:04",6.4,31.1935,-119.415,15.9,"257 km al SUROESTE de PLAYAS DE ROSARITO, BC","PLAYAS DE ROSARITO, BC","BC","Noroeste",12,"Pacífico"
"42272","25/03/2013","17:02:13",6.1,14.383,-90.788,197,"150 km al ESTE de CD HIDALGO, CHIS","CD HIDALGO, CHIS","CHIS","Suroeste",3,"Caribe"
"45362","19/10/2013","12:54:55",6.3,26.0867,-110.461,14.1,"89 km al ESTE de LORETO, BCS","LORETO, BCS","BCS","Noroeste",10,"Pacífico"
"48211","18/04/2014","09:27:21",7.2,17.011,-101.46,18,"61 km al SUROESTE de PETATLAN, GRO","PETATLAN, GRO","GRO","Suroeste",4,"Cocos"
"48729","08/05/2014","12:00:14",6.5,16.986,-100.916,10,"40 km al SUROESTE de TECPAN, GRO","TECPAN, GRO","GRO","Suroeste",5,"Cocos"
"48771","10/05/2014","02:36:00",6.1,17.036,-100.893,10,"35 km al SUROESTE de TECPAN, GRO","TECPAN, GRO","GRO","Suroeste",5,"Cocos"
"49173","31/05/2014","06:53:49",6.2,18.9967,-107.33,10,"283 km al SUROESTE de PUERTO VALLARTA, JAL","PUERTO VALLARTA, JAL","JAL","Oeste",5,"Rivera"
"49884","07/07/2014","06:23:59",6.9,14.6502,-92.5572,56.7,"43 km al SUROESTE de TAPACHULA, CHIS","TAPACHULA, CHIS","CHIS","Suroeste",7,"Caribe"
"50472","29/07/2014","05:46:15",6.4,17.6988,-95.6373,117.2,"38 km al SUROESTE de ISLA, VER","ISLA, VER","VER","Oriente",7,"Norteamérica"
"52352","07/10/2014","21:40:49",6.1,23.6963,-108.755,10,"120 km al NORESTE de SAN JOSE DEL CABO, BCS","SAN JOSE DEL CABO, BCS","BCS","Noroeste",10,"Pacífico"
"53598","07/12/2014","15:16:35",6.1,13.6777,-91.4385,32,"135 km al SURESTE de CD HIDALGO, CHIS","CD HIDALGO, CHIS","CHIS","Suroeste",12,"Caribe"
"55663","22/02/2015","08:23:13",6.2,18.643,-106.955,16,"260 km al SUROESTE de CIHUATLAN, JAL","CIHUATLAN, JAL","JAL","Oeste",2,"Rivera"
"61528","13/09/2015","03:14:09",6.6,25.0352,-109.533,8.2,"100 km al SUROESTE de LOS MOCHIS, SIN","LOS MOCHIS, SIN","SIN","Noroeste",9,"Norteamérica"
"64505","17/12/2015","13:49:54",6.6,15.7558,-93.7005,91.4,"37 km al SUR de TONALA, CHIS","TONALA, CHIS","CHIS","Suroeste",12,"Caribe"
"65822","21/01/2016","12:06:58",6.5,18.8158,-106.977,10,"258 km al OESTE de CIHUATLAN, JAL","CIHUATLAN, JAL","JAL","Oeste",1,"Rivera"
"68692","15/04/2016","09:11:24",6.1,13.2542,-92.458,12,"161 km al SUR de CD HIDALGO, CHIS","CD HIDALGO, CHIS","CHIS","Suroeste",4,"Caribe"
"69354","28/04/2016","20:33:39",6.6,10.271,-103.715,10,"837 km al SUROESTE de TECPAN, GRO","TECPAN, GRO","GRO","Suroeste",4,"Cocos"
"71290","07/06/2016","05:51:36",6.1,18.2838,-105.306,8.7,"131 km al SUROESTE de CIHUATLAN, JAL","CIHUATLAN, JAL","JAL","Oeste",6,"Rivera"
"87439","14/06/2017","02:29:04",6.9,14.7282,-92.3167,107.1,"19 km al NOROESTE de CD HIDALGO, CHIS","CD HIDALGO, CHIS","CHIS","Suroeste",6,"Caribe"
"91657","07/09/2017","23:49:17",8.2,14.761,-94.103,45.9,"140 km al SUROESTE de PIJIJIAPAN, CHIS","PIJIJIAPAN, CHIS","CHIS","Suroeste",9,"Caribe"
"94779","19/09/2017","13:14:39",7.1,18.3297,-98.6712,51.2,"8 km al NOROESTE de CHIAUTLA DE TAPIA, PUE","CHIAUTLA DE TAPIA, PUE","PUE","Oriente",9,"Norteamérica"
"95576","23/09/2017","07:53:01",6.1,16.496,-95.146,10,"9 km al SUROESTE de CD IXTEPEC, OAX","CD IXTEPEC, OAX","OAX","Suroeste",9,"Cocos"
"108797","19/01/2018","10:17:45",6.3,26.6672,-111.079,16.1,"77 km al NORESTE de LORETO, BCS","LORETO, BCS","BCS","Noroeste",1,"Pacífico"
"111103","16/02/2018","17:39:39",7.2,16.218,-98.0135,16,"14 km al SURESTE de PINOTEPA NACIONAL, OAX","PINOTEPA NACIONAL, OAX","OAX","Suroeste",2,"Cocos"
"140318","01/02/2019","10:14:12",6.5,14.5818,-92.4807,76.2,"37 km al SUROESTE de CD HIDALGO, CHIS","CD HIDALGO, CHIS","CHIS","Suroeste",2,"Caribe"
"160893","19/11/2019","22:27:06",6.4,13.7792,-93.3382,9.4,"162 km al SUROESTE de CD HIDALGO, CHIS","CD HIDALGO, CHIS","CHIS","Suroeste",11,"Caribe"
"179079","22/05/2020","03:46:06",6.2,22.348,-108.011,5,"191 km al SUROESTE de MAZATLAN, SIN","MAZATLAN, SIN","SIN","Noroeste",5,"Norteamérica"
"181020","23/06/2020","10:29:03",7.4,15.8033,-96.1337,22.8,"4 km al NORTE de CRUCECITA, OAX","CRUCECITA, OAX","OAX","Suroeste",6,"Cocos"
"212453","07/09/2021","20:47:46",7.1,16.7553,-99.9533,15,"14 km al SUROESTE de ACAPULCO, GRO","ACAPULCO, GRO","GRO","Suroeste",9,"Cocos"
"226964","16/02/2022","01:12:23",6.2,13.837,-91.573,62,"112 km al SURESTE de CD HIDALGO, CHIS","CD HIDALGO, CHIS","CHIS","Suroeste",2,"Caribe"
"242465","19/09/2022","13:05:09",7.7,18.22,-103.29,15,"63 km al SUR de COALCOMAN, MICH ","COALCOMAN, MICH","MICH","Oeste",9,"Rivera"
